{
    "integration_time": 5.0,
    "x_axis": [
        -0.5,
        -0.4285714285714286,
        -0.35714285714285715,
        -0.2857142857142857,
        -0.2142857142857143,
        -0.1428571428571429,
        -0.07142857142857145,
        0.0,
        0.0714285714285714,
        0.1428571428571428,
        0.2142857142857142,
        0.2857142857142857,
        0.3571428571428571,
        0.4285714285714285,
        0.5
    ],
    "y_axis": [
        -0.5,
        -0.4285714285714286,
        -0.35714285714285715,
        -0.2857142857142857,
        -0.2142857142857143,
        -0.1428571428571429,
        -0.07142857142857145,
        0.0,
        0.0714285714285714,
        0.1428571428571428,
        0.2142857142857142,
        0.2857142857142857,
        0.3571428571428571,
        0.4285714285714285,
        0.5
    ],
    "x_step": 0.07,
    "y_step": 0.07,
    "scan_data": [
        [
            42800.0,
            80600.0,
            52000.0,
            48000.0,
            26000.0,
            19400.0,
            13400.0,
            15600.0,
            7400.0,
            6000.0,
            12400.0,
            8200.0,
            7800.0,
            5000.0,
            16600.0
        ],
        [
            34400.0,
            33400.0,
            80600.0,
            44800.0,
            39000.0,
            20400.0,
            21200.0,
            35000.0,
            50400.0,
            41400.0,
            24600.0,
            30200.0,
            25200.0,
            17800.0,
            53600.0
        ],
        [
            32400.0,
            87200.0,
            27600.0,
            41400.0,
            23600.0,
            29200.0,
            45000.0,
            48600.0,
            21600.0,
            43600.0,
            52800.0,
            10400.0,
            26600.0,
            24800.0,
            23600.0
        ],
        [
            40200.0,
            45800.0,
            31400.0,
            54200.0,
            36800.0,
            16600.0,
            36600.0,
            42800.0,
            48800.0,
            28200.0,
            35800.0,
            30800.0,
            36200.0,
            75000.0,
            50800.0
        ],
        [
            37800.0,
            58400.0,
            23600.0,
            42400.0,
            42000.0,
            34000.0,
            11400.0,
            7000.0,
            22400.0,
            33600.0,
            46000.0,
            40000.0,
            17600.0,
            36400.0,
            52800.0
        ],
        [
            37000.0,
            24800.0,
            49400.0,
            50800.0,
            36000.0,
            8000.0,
            4000.0,
            2800.0,
            3800.0,
            4000.0,
            10000.0,
            18400.0,
            32200.0,
            43200.0,
            28400.0
        ],
        [
            35800.0,
            30800.0,
            21200.0,
            63800.0,
            34600.0,
            7400.0,
            3000.0,
            5200.0,
            3600.0,
            5600.0,
            45400.0,
            88800.0,
            53200.0,
            50800.0,
            39600.0
        ],
        [
            48800.0,
            35400.0,
            52800.0,
            65400.0,
            34600.0,
            24000.0,
            16000.0,
            6000.0,
            10000.0,
            6000.0,
            20000.0,
            37000.0,
            74400.0,
            40000.0,
            43000.0
        ],
        [
            46000.0,
            39600.0,
            27800.0,
            22800.0,
            27000.0,
            44200.0,
            44000.0,
            29400.0,
            23800.0,
            26000.0,
            37800.0,
            56600.0,
            34800.0,
            45400.0,
            41200.0
        ],
        [
            21600.0,
            47800.0,
            57000.0,
            32400.0,
            36600.0,
            37200.0,
            45200.0,
            35600.0,
            27800.0,
            36000.0,
            32400.0,
            39200.0,
            33600.0,
            38200.0,
            40800.0
        ],
        [
            36000.0,
            54600.0,
            44800.0,
            14600.0,
            38400.0,
            33000.0,
            47600.0,
            66800.0,
            71400.0,
            51000.0,
            20600.0,
            49800.0,
            54800.0,
            34200.0,
            17200.0
        ],
        [
            33200.0,
            54800.0,
            36600.0,
            84800.0,
            28800.0,
            39400.0,
            22200.0,
            29600.0,
            15200.0,
            44600.0,
            19200.0,
            28800.0,
            26200.0,
            23200.0,
            27200.0
        ],
        [
            50400.0,
            52800.0,
            39800.0,
            64600.0,
            53400.0,
            22200.0,
            10000.0,
            5000.0,
            4600.0,
            2800.0,
            13600.0,
            22400.0,
            23400.0,
            24200.0,
            18800.0
        ],
        [
            35200.0,
            60000.0,
            31400.0,
            31800.0,
            38800.0,
            26800.0,
            5000.0,
            12400.0,
            17600.0,
            7200.0,
            5600.0,
            22400.0,
            33200.0,
            46000.0,
            31600.0
        ],
        [
            27200.0,
            29400.0,
            43400.0,
            69000.0,
            47400.0,
            38000.0,
            18600.0,
            6000.0,
            2800.0,
            4800.0,
            21600.0,
            27600.0,
            37600.0,
            15000.0,
            34600.0
        ]
    ]
}