{
    "integration_time": 5.0,
    "x": [
        -1.0,
        -0.9,
        -0.8,
        -0.7,
        -0.6,
        -0.5,
        -0.3999999999999999,
        -0.29999999999999993,
        -0.19999999999999996,
        -0.09999999999999998,
        0.0,
        0.10000000000000009,
        0.20000000000000018,
        0.30000000000000004,
        0.40000000000000013,
        0.5,
        0.6000000000000001,
        0.7000000000000002,
        0.8,
        0.9000000000000001,
        1.0
    ],
    "y": [
        -1.0,
        -0.9,
        -0.8,
        -0.7,
        -0.6,
        -0.5,
        -0.3999999999999999,
        -0.29999999999999993,
        -0.19999999999999996,
        -0.09999999999999998,
        0.0,
        0.10000000000000009,
        0.20000000000000018,
        0.30000000000000004,
        0.40000000000000013,
        0.5,
        0.6000000000000001,
        0.7000000000000002,
        0.8,
        0.9000000000000001,
        1.0
    ],
    "data": [
        [
            571.43,
            1635.68,
            7.22,
            197.07,
            795.18,
            834.97,
            412.03,
            140.98,
            168.76,
            190.3,
            0.0,
            1.99,
            235.27,
            499.98,
            308.72,
            444.79,
            527.3,
            23.29,
            1211.57,
            1073.71,
            250.6
        ],
        [
            918.83,
            1223.46,
            662.17,
            210.68,
            598.07,
            14.92,
            613.33,
            26.42,
            353.93,
            112.48,
            0.0,
            63.8,
            224.51,
            273.97,
            624.07,
            475.15,
            264.74,
            1221.03,
            1326.41,
            972.01,
            1129.89
        ],
        [
            1287.79,
            815.97,
            939.28,
            517.11,
            612.21,
            138.48,
            621.2,
            397.05,
            304.86,
            136.07,
            0.0,
            154.89,
            20.42,
            56.31,
            289.04,
            99.05,
            733.55,
            767.12,
            24.34,
            1049.36,
            1383.43
        ],
        [
            353.62,
            476.0,
            1024.87,
            428.26,
            834.35,
            683.06,
            287.92,
            306.06,
            14.76,
            49.75,
            0.0,
            135.11,
            12.25,
            164.09,
            76.46,
            653.94,
            540.63,
            216.19,
            424.46,
            1109.85,
            595.06
        ],
        [
            203.2,
            849.96,
            267.77,
            541.02,
            88.9,
            79.64,
            42.42,
            345.47,
            6.59,
            69.68,
            0.0,
            43.92,
            184.77,
            103.9,
            409.05,
            350.57,
            154.33,
            692.04,
            629.24,
            343.99,
            1012.45
        ],
        [
            694.06,
            227.52,
            176.97,
            39.63,
            239.43,
            262.3,
            229.7,
            52.98,
            95.12,
            69.12,
            0.0,
            11.71,
            59.98,
            16.16,
            188.42,
            381.72,
            57.82,
            523.76,
            434.36,
            163.18,
            792.5
        ],
        [
            216.78,
            43.88,
            296.98,
            551.24,
            420.32,
            252.58,
            312.67,
            227.8,
            28.83,
            2.08,
            0.0,
            58.91,
            108.67,
            196.03,
            298.77,
            278.48,
            472.29,
            222.51,
            387.64,
            253.48,
            44.27
        ],
        [
            36.55,
            157.05,
            226.58,
            159.28,
            168.12,
            298.28,
            149.69,
            76.07,
            118.24,
            6.84,
            0.0,
            43.73,
            17.71,
            142.0,
            215.46,
            149.31,
            313.36,
            279.95,
            315.3,
            65.11,
            471.46
        ],
        [
            394.74,
            156.79,
            50.11,
            253.61,
            182.7,
            36.9,
            124.97,
            38.2,
            74.62,
            26.26,
            0.0,
            15.92,
            77.31,
            18.36,
            127.95,
            124.44,
            147.17,
            266.23,
            67.94,
            296.31,
            9.58
        ],
        [
            160.63,
            66.37,
            17.27,
            105.67,
            16.69,
            25.42,
            15.99,
            37.78,
            38.85,
            14.6,
            0.0,
            15.23,
            35.99,
            41.81,
            14.47,
            72.75,
            35.68,
            27.08,
            15.8,
            58.54,
            197.62
        ],
        [
            0.0,
            0.0,
            0.0,
            0.0,
            0.0,
            0.0,
            0.0,
            0.0,
            0.0,
            0.0,
            0.0,
            0.0,
            0.0,
            0.0,
            0.0,
            0.0,
            0.0,
            0.0,
            0.0,
            0.0,
            0.0
        ],
        [
            166.72,
            116.99,
            80.72,
            108.94,
            51.62,
            22.21,
            59.67,
            34.32,
            28.19,
            15.57,
            0.0,
            14.49,
            5.45,
            26.11,
            62.88,
            24.57,
            0.89,
            87.96,
            101.96,
            154.69,
            84.82
        ],
        [
            347.69,
            182.54,
            309.18,
            264.92,
            231.62,
            114.97,
            103.66,
            82.47,
            13.19,
            34.74,
            0.0,
            5.82,
            10.98,
            71.28,
            16.35,
            188.4,
            147.53,
            83.13,
            60.61,
            203.58,
            249.14
        ],
        [
            295.67,
            460.89,
            146.53,
            217.85,
            201.98,
            136.68,
            84.44,
            83.52,
            59.97,
            51.27,
            0.0,
            24.04,
            80.16,
            114.8,
            219.27,
            167.37,
            292.1,
            59.11,
            294.33,
            535.33,
            537.25
        ],
        [
            252.48,
            355.0,
            333.87,
            56.38,
            157.16,
            117.4,
            257.7,
            222.77,
            22.81,
            48.3,
            0.0,
            55.59,
            152.04,
            13.53,
            212.69,
            68.99,
            135.85,
            328.9,
            535.23,
            423.62,
            298.27
        ],
        [
            604.01,
            493.95,
            449.12,
            403.46,
            81.48,
            83.41,
            271.96,
            5.93,
            131.75,
            71.76,
            0.0,
            14.81,
            4.79,
            194.26,
            226.06,
            215.43,
            90.98,
            454.79,
            792.33,
            406.63,
            600.0
        ],
        [
            598.93,
            407.31,
            11.97,
            337.13,
            705.43,
            250.69,
            12.68,
            197.82,
            212.27,
            57.64,
