{
    "integration_time": 5.0,
    "x_axis": [
        -1.0,
        -0.9,
        -0.8,
        -0.7,
        -0.6,
        -0.5,
        -0.3999999999999999,
        -0.29999999999999993,
        -0.19999999999999996,
        -0.09999999999999998,
        0.0,
        0.10000000000000009,
        0.20000000000000018,
        0.30000000000000004,
        0.40000000000000013,
        0.5,
        0.6000000000000001,
        0.7000000000000002,
        0.8,
        0.9000000000000001,
        1.0
    ],
    "y_axis": [
        -1.0,
        -0.9,
        -0.8,
        -0.7,
        -0.6,
        -0.5,
        -0.3999999999999999,
        -0.29999999999999993,
        -0.19999999999999996,
        -0.09999999999999998,
        0.0,
        0.10000000000000009,
        0.20000000000000018,
        0.30000000000000004,
        0.40000000000000013,
        0.5,
        0.6000000000000001,
        0.7000000000000002,
        0.8,
        0.9000000000000001,
        1.0
    ],
    "scan_data": [
        [
            1429.842,
            640.812,
            21.299,
            800.747,
            925.482,
            768.348,
            416.636,
            17.436,
            127.004,
            44.511,
            0.0,
            195.688,
            225.507,
            34.319,
            183.129,
            968.332,
            272.882,
            1211.534,
            1477.661,
            112.542,
            10.251
        ],
        [
            815.536,
            348.534,
            829.486,
            488.059,
            879.274,
            471.329,
            559.041,
            365.499,
            351.832,
            86.307,
            0.0,
            138.267,
            203.007,
            330.369,
            279.385,
            451.131,
            764.912,
            625.122,
            252.328,
            1417.294,
            919.903
        ],
        [
            902.406,
            1043.87,
            936.354,
            14.806,
            601.879,
            720.356,
            158.856,
            322.498,
            200.015,
            144.193,
            0.0,
            0.253,
            80.016,
            35.198,
            92.68,
            549.206,
            629.386,
            789.821,
            931.146,
            312.919,
            799.708
        ],
        [
            618.429,
            841.33,
            469.219,
            83.699,
            741.495,
            697.971,
            162.842,
            191.097,
            209.597,
            56.934,
            0.0,
            132.923,
            107.872,
            190.609,
            136.647,
            374.554,
            231.259,
            356.288,
            505.48,
            548.133,
            606.376
        ],
        [
            552.004,
            837.664,
            878.768,
            687.341,
            255.024,
            354.304,
            451.037,
            180.964,
            167.366,
            23.46,
            0.0,
            25.368,
            87.88,
            75.01,
            318.274,
            68.063,
            317.207,
            527.783,
            887.578,
            1072.981,
            1013.034
        ],
        [
            330.827,
            11.328,
            155.312,
            177.05,
            249.089,
            168.104,
            139.568,
            41.987,
            186.809,
            55.984,
            0.0,
            98.774,
            119.418,
            96.831,
            336.7,
            6.994,
            430.831,
            465.277,
            297.332,
            481.626,
            517.06
        ],
        [
            181.696,
            649.211,
            125.634,
            287.848,
            413.907,
            353.016,
            170.578,
            4.221,
            86.987,
            2.287,
            0.0,
            53.305,
            134.354,
            218.837,
            56.211,
            263.911,
            291.607,
            360.584,
            334.711,
            434.234,
            533.98
        ],
        [
            589.293,
            516.973,
            124.663,
            218.53,
            303.683,
            107.367,
            214.021,
            118.074,
            65.981,
            27.895,
            0.0,
            33.023,
            40.53,
            3.276,
            20.768,
            221.925,
            112.265,
            77.047,
            433.95,
            401.177,
            517.391
        ],
        [
            384.358,
            52.285,
            172.543,
            49.632,
            219.54,
            146.78,
            112.115,
            26.835,
            5.86,
            38.525,
            0.0,
            28.773,
            34.999,
            104.328,
            9.985,
            169.115,
            107.433,
            255.907,
            40.629,
            140.676,
            179.462
        ],
        [
            107.949,
            65.931,
            82.699,
            126.943,
            59.93,
            19.248,
            16.609,
            18.062,
            12.719,
            13.84,
            0.0,
            8.708,
            16.653,
            1.58,
            48.27,
            23.421,
            89.794,
            37.035,
            8.201,
            63.302,
            159.925
        ],
        [
            0.0,
            0.0,
            0.0,
            0.0,
            0.0,
            0.0,
            0.0,
            0.0,
            0.0,
            0.0,
            0.0,
            0.0,
            0.0,
            0.0,
            0.0,
            0.0,
            0.0,
            0.0,
            0.0,
            0.0,
            0.0
        ],
        [
            135.492,
            93.353,
            155.967,
            117.01,
            49.904,
            23.166,
            5.215,
            59.757,
            11.564,
            10.131,
            0.0,
            14.264,
            8.754,
            16.041,
            52.673,
            89.859,
            102.17,
            20.542,
            142.79,
            130.597,
            113.531
        ],
        [
            194.093,
            204.123,
            259.323,
            66.152,
            122.967,
            160.971,
            156.825,
            49.112,
            46.755,
            5.178,
            0.0,
            2.607,
            34.833,
            87.134,
            13.523,
            163.669,
            67.809,
            112.304,
            295.246,
            262.116,
            16.041
        ],
        [
            376.999,
            429.166,
            252.579,
            246.352,
            200.338,
            46.254,
            78.411,
            118.915,
            82.459,
            26.399,
            0.0,
            7.369,
            17.172,
            11.867,
            140.795,
            262.113,
            13.493,
            319.819,
            413.334,
            382.647,
            153.247
        ],
        [
            448.917,
            473.647,
            235.919,
            212.327,
            178.105,
            157.772,
            14.575,
            19.971,
            8.132,
            35.681,
            0.0,
            9.692,
            100.667,
            203.519,
            64.488,
            141.593,
            109.599,
            249.673,
            58.488,
            32.157,
            7.082
        ],
        [
            289.108,
            117.016,
            138.86,
            525.098,
            530.08,
            430.43,
            302.503,
            197.163,
            95.685,
            58.62,
            0.0,
            32.134,
            158.118,
            49.565,
            135.073,
            28.977,
            56.624,
