{
    "integration_time": 5.0,
    "x_axis": [
        -1.0,
        -0.6,
        -0.19999999999999996,
        0.20000000000000018,
        0.6000000000000001,
        1.0
    ],
    "y_axis": [
        -1.0,
        -0.6,
        -0.19999999999999996,
        0.20000000000000018,
        0.6000000000000001,
        1.0
    ],
    "scan_data": [
        [
            1884.269,
            1098.356,
            0.788,
            350.288,
            755.701,
            803.506
        ],
        [
            67.855,
            608.867,
            227.683,
            129.45,
            435.659,
            831.468
        ],
        [
            391.566,
            230.479,
            24.948,
            65.131,
            90.31,
            51.813
        ],
        [
            36.947,
            119.715,
            7.714,
            12.6,
            217.762,
            289.792
        ],
        [
            1086.969,
            300.212,
            154.256,
            34.313,
            709.215,
            823.228
        ],
        [
            713.992,
            1168.524,
            155.918,
            392.01,
            363.874,
            1693.946
        ]
    ],
    "peaks": {
        "peaks_x_coords": [
            -1.0,
            1.0,
            -0.6,
            -0.6,
            -1.0,
            1.0,
            1.0,
            1.0,
            0.6000000000000001,
            -1.0,
            0.6000000000000001,
            -0.6,
            0.6000000000000001,
            0.20000000000000018,
            -1.0,
            0.6000000000000001,
            0.20000000000000018
        ],
        "peaks_y_coords": [
            -1.0,
            1.0,
            1.0,
            -1.0,
            0.6000000000000001,
            -0.6,
            0.6000000000000001,
            -1.0,
            -1.0,
            1.0,
            0.6000000000000001,
            -0.6,
            -0.6,
            1.0,
            -0.19999999999999996,
            1.0,
            -1.0
        ]
    }
}