{
    "integration_time": 5.0,
    "x_axis": [
        -1.0,
        -0.6,
        -0.19999999999999996,
        0.20000000000000018,
        0.6000000000000001,
        1.0
    ],
    "y_axis": [
        -1.0,
        -0.6,
        -0.19999999999999996,
        0.20000000000000018,
        0.6000000000000001,
        1.0
    ],
    "scan_data": [
        [
            1007.18,
            1151.38,
            132.11,
            222.27,
            514.07,
            886.29
        ],
        [
            483.28,
            513.4,
            175.1,
            47.18,
            236.89,
            482.44
        ],
        [
            216.42,
            121.51,
            50.87,
            45.28,
            24.7,
            362.44
        ],
        [
            96.01,
            57.0,
            63.5,
            31.31,
            81.32,
            302.83
        ],
        [
            224.04,
            219.74,
            37.79,
            66.65,
            646.22,
            833.93
        ],
        [
            97.66,
            795.94,
            383.6,
            274.22,
            789.41,
            1648.01
        ]
    ],
    "peaks": {
        "peaks_x_coords": [
            1.0,
            -0.6,
            -1.0,
            1.0,
            1.0,
            -0.6,
            0.6000000000000001,
            0.6000000000000001,
            0.6000000000000001,
            -0.6,
            -1.0,
            1.0,
            -0.19999999999999996,
            1.0,
            1.0,
            0.20000000000000018
        ],
        "peaks_y_coords": [
            1.0,
            -1.0,
            -1.0,
            -1.0,
            0.6000000000000001,
            1.0,
            1.0,
            0.6000000000000001,
            -1.0,
            -0.6,
            -0.6,
            -0.6,
            1.0,
            -0.19999999999999996,
            0.20000000000000018,
            1.0
        ]
    }
}