{
    "integration_time": 5.0,
    "x_axis": [
        -1.0,
        -0.6,
        -0.19999999999999996,
        0.20000000000000018,
        0.6000000000000001,
        1.0
    ],
    "y_axis": [
        -1.0,
        -0.6,
        -0.19999999999999996,
        0.20000000000000018,
        0.6000000000000001,
        1.0
    ],
    "scan_data": [
        [
            1252.62,
            991.55,
            31.98,
            68.89,
            714.85,
            1424.55
        ],
        [
            74.95,
            297.03,
            67.19,
            75.08,
            435.32,
            496.69
        ],
        [
            314.69,
            131.3,
            72.86,
            16.86,
            197.37,
            237.34
        ],
        [
            46.68,
            217.81,
            16.32,
            5.04,
            36.09,
            125.42
        ],
        [
            1035.88,
            690.07,
            48.12,
            153.22,
            292.4,
            450.81
        ],
        [
            1727.26,
            195.85,
            59.29,
            154.33,
            582.77,
            1753.84
        ]
    ],
    "peaks": {
        "peaks_x_coords": [
            1.0,
            -1.0,
            1.0,
            -1.0,
            -1.0,
            -0.6,
            0.6000000000000001,
            -0.6,
            0.6000000000000001,
            1.0,
            1.0,
            0.6000000000000001,
            -1.0,
            -0.6,
            0.6000000000000001
        ],
        "peaks_y_coords": [
            1.0,
            1.0,
            -1.0,
            -1.0,
            0.6000000000000001,
            -1.0,
            -1.0,
            0.6000000000000001,
            1.0,
            -0.6,
            0.6000000000000001,
            -0.6,
            -0.19999999999999996,
            -0.6,
            0.6000000000000001
        ]
    }
}