{
    "integration_time": 5.0,
    "x_axis": [
        -1.0,
        -0.6666666666666667,
        -0.33333333333333337,
        0.0,
        0.33333333333333326,
        0.6666666666666665,
        1.0
    ],
    "y_axis": [
        -1.0,
        -0.6666666666666667,
        -0.33333333333333337,
        0.0,
        0.33333333333333326,
        0.6666666666666665,
        1.0
    ],
    "scan_data": [
        [
            1884.4,
            819.56,
            161.19,
            0.0,
            203.57,
            282.94,
            671.93
        ],
        [
            1041.3,
            760.24,
            28.23,
            0.0,
            260.83,
            49.59,
            520.78
        ],
        [
            72.68,
            69.23,
            6.9,
            0.0,
            89.74,
            227.48,
            205.25
        ],
        [
            0.0,
            0.0,
            0.0,
            0.0,
            0.0,
            0.0,
            0.0
        ],
        [
            52.51,
            113.47,
            144.95,
            0.0,
            36.93,
            136.34,
            656.58
        ],
        [
            657.33,
            46.4,
            126.17,
            0.0,
            143.64,
            490.56,
            75.85
        ],
        [
            454.33,
            1148.28,
            161.76,
            0.0,
            605.8,
            320.48,
            923.44
        ]
    ],
    "peaks": {
        "peaks_x_coords": [
            -1.0,
            -0.6666666666666667,
            -1.0,
            1.0,
            -0.6666666666666667,
            -0.6666666666666667,
            1.0,
            -1.0,
            1.0,
            0.33333333333333326,
            1.0,
            0.6666666666666665,
            -1.0,
            0.6666666666666665,
            0.6666666666666665,
            0.33333333333333326,
            0.6666666666666665,
            1.0,
            0.33333333333333326
        ],
        "peaks_y_coords": [
            -1.0,
            1.0,
            -0.6666666666666667,
            1.0,
            -1.0,
            -0.6666666666666667,
            -1.0,
            0.6666666666666665,
            0.33333333333333326,
            1.0,
            -0.6666666666666667,
            0.6666666666666665,
            1.0,
            1.0,
            -1.0,
            -0.6666666666666667,
            -0.33333333333333337,
            -0.33333333333333337,
            -1.0
        ]
    }
}