{
    "integration_time": 5.0,
    "x": [
        -1.0,
        -0.9,
        -0.8,
        -0.7,
        -0.6,
        -0.5,
        -0.3999999999999999,
        -0.29999999999999993,
        -0.19999999999999996,
        -0.09999999999999998,
        0.0,
        0.10000000000000009,
        0.20000000000000018,
        0.30000000000000004,
        0.40000000000000013,
        0.5,
        0.6000000000000001,
        0.7000000000000002,
        0.8,
        0.9000000000000001,
        1.0
    ],
    "y": [
        -1.0,
        -0.9,
        -0.8,
        -0.7,
        -0.6,
        -0.5,
        -0.3999999999999999,
        -0.29999999999999993,
        -0.19999999999999996,
        -0.09999999999999998,
        0.0,
        0.10000000000000009,
        0.20000000000000018,
        0.30000000000000004,
        0.40000000000000013,
        0.5,
        0.6000000000000001,
        0.7000000000000002,
        0.8,
        0.9000000000000001,
        1.0
    ],
    "data": [
        [
            1819.44,
            1236.56,
            985.88,
            1111.01,
            1017.02,
            532.36,
            587.74,
            30.74,
            139.92,
            78.2,
            0.0,
            28.61,
            3.19,
            310.96,
            144.1,
            103.72,
            867.32,
            922.95,
            181.77,
            824.55,
            225.0
        ],
        [
            1701.16,
            1233.16,
            1200.66,
            925.38,
            58.0,
            152.15,
            360.48,
            60.26,
            285.15,
            20.06,
            0.0,
            52.44,
            277.18,
            394.37,
            355.12,
            62.76,
            15.72,
            586.11,
            668.84,
            86.79,
            445.2
        ],
        [
            733.45,
            596.4,
            408.63,
            271.27,
            108.18,
            525.05,
            245.09,
            383.96,
            154.58,
            159.13,
            0.0,
            43.29,
            3.4,
            312.22,
            202.36,
            609.17,
            512.68,
            1083.45,
            586.48,
            333.64,
            717.15
        ],
        [
            1128.4,
            554.29,
            554.91,
            672.39,
            239.36,
            437.45,
            194.85,
            113.68,
            67.13,
            128.62,
            0.0,
            15.04,
            201.91,
            17.91,
            161.03,
            205.84,
            238.8,
            255.26,
            329.49,
            569.63,
            150.35
        ],
        [
            690.04,
            574.66,
            959.77,
            444.23,
            352.34,
            6.44,
            460.27,
            196.86,
            238.49,
            7.66,
            0.0,
            97.14,
            92.89,
            150.67,
            331.87,
            86.86,
            301.53,
            579.15,
            264.32,
            152.68,
            84.92
        ],
        [
            756.9,
            295.42,
            203.9,
            89.24,
            393.67,
            230.21,
            280.99,
            272.32,
            12.95,
            38.8,
            0.0,
            39.58,
            167.31,
            2.76,
            142.43,
            395.91,
            486.45,
            246.04,
            627.75,
            241.97,
            55.54
        ],
        [
            142.81,
            682.55,
            401.79,
            192.28,
            158.59,
            344.88,
            254.53,
            19.2,
            159.58,
            17.19,
            0.0,
            30.6,
            94.69,
            80.45,
            233.13,
            191.41,
            407.09,
            336.65,
            242.9,
            429.92,
            685.25
        ],
        [
            314.75,
            458.55,
            68.82,
            351.13,
            295.59,
            296.53,
            147.31,
            85.58,
            13.01,
            29.08,
            0.0,
            35.86,
            91.58,
            15.36,
            100.09,
            85.03,
            204.22,
            43.37,
            115.44,
            360.21,
            199.32
        ],
        [
            129.67,
            65.16,
            7.51,
            72.74,
            4.11,
            148.18,
            153.77,
            103.86,
            7.48,
            17.46,
            0.0,
            34.41,
            40.77,
            22.12,
            95.8,
            65.44,
            164.17,
            111.61,
            295.99,
            68.14,
            202.27
        ],
        [
            182.56,
            152.61,
            42.94,
            139.03,
            107.68,
            70.08,
            28.69,
            46.33,
            19.08,
            10.44,
            0.0,
            19.62,
            26.96,
            1.73,
            56.81,
            81.58,
            107.17,
            138.91,
            40.46,
            145.05,
            116.29
        ],
        [
            0.0,
            0.0,
            0.0,
            0.0,
            0.0,
            0.0,
            0.0,
            0.0,
            0.0,
            0.0,
            0.0,
            0.0,
            0.0,
            0.0,
            0.0,
            0.0,
            0.0,
            0.0,
            0.0,
            0.0,
            0.0
        ],
        [
            96.44,
            1.64,
            126.99,
            22.14,
            77.13,
            47.63,
            42.3,
            54.89,
            16.43,
            16.44,
            0.0,
            15.13,
            17.17,
            6.88,
            60.55,
            39.96,
            21.69,
            19.62,
            78.91,
            37.92,
            135.84
        ],
        [
            334.38,
            200.82,
            54.93,
            179.21,
            127.76,
            79.79,
            18.26,
            42.86,
            44.02,
            13.39,
            0.0,
            25.76,
            23.58,
            89.9,
            135.24,
            7.03,
            118.62,
            110.26,
            29.72,
            251.91,
            298.44
        ],
        [
            585.33,
            331.74,
            264.05,
            37.96,
            174.96,
            220.89,
            0.74,
            84.27,
            84.32,
            7.71,
            0.0,
            46.57,
            99.89,
            55.71,
            2.06,
            237.03,
            339.07,
            384.2,
            368.24,
            94.8,
            590.24
        ],
        [
            533.24,
            54.3,
            416.66,
            530.6,
            146.06,
            115.75,
            301.67,
            198.76,
            62.74,
            60.34,
            0.0,
            73.67,
            126.78,
            108.93,
            243.68,
            150.19,
            10.99,
            73.11,
            460.53,
            708.5,
            528.7
        ],
        [
            21.89,
            292.07,
            442.37,
            285.12,
            491.4,
            106.42,
            161.47,
            142.15,
            159.61,
            58.98,
            0.0,
            75.39,
            46.89,
            125.84,
            66.55,
            196.04,
            402.26,
            570.64,
            705.75,
            283.65,
            433.28
        ],
        [
            409.58,
            223.78,
            178.16,
            155.04,
            593.43,
            114.72,
            402.32,
            183.8,
            233.4,
            117.3,
            0.0,
