{
    "integration_time": 5.0,
    "x": [
        -1.0,
        -0.33333333333333337,
        0.33333333333333326,
        1.0
    ],
    "y": [
        -1.0,
        -0.33333333333333337,
        0.33333333333333326,
        1.0
    ],
    "data": [
        [
            181.05,
            359.69,
            403.62,
            791.58
        ],
        [
            23.32,
            217.47,
            83.0,
            31.59
        ],
        [
            16.07,
            91.77,
            49.21,
            369.48
        ],
        [
            1805.45,
            563.36,
            391.83,
            1225.38
        ]
    ]
}