{
    "integration_time": 5.0,
    "x": [
        -1.0,
        -0.9,
        -0.8,
        -0.7,
        -0.6,
        -0.5,
        -0.3999999999999999,
        -0.29999999999999993,
        -0.19999999999999996,
        -0.09999999999999998,
        0.0,
        0.10000000000000009,
        0.20000000000000018,
        0.30000000000000004,
        0.40000000000000013,
        0.5,
        0.6000000000000001,
        0.7000000000000002,
        0.8,
        0.9000000000000001,
        1.0
    ],
    "y": [
        -1.0,
        -0.9,
        -0.8,
        -0.7,
        -0.6,
        -0.5,
        -0.3999999999999999,
        -0.29999999999999993,
        -0.19999999999999996,
        -0.09999999999999998,
        0.0,
        0.10000000000000009,
        0.20000000000000018,
        0.30000000000000004,
        0.40000000000000013,
        0.5,
        0.6000000000000001,
        0.7000000000000002,
        0.8,
        0.9000000000000001,
        1.0
    ],
    "data": [
        [
            821.83,
            1316.08,
            461.77,
            542.98,
            770.7,
            885.93,
            678.87,
            62.84,
            77.5,
            195.72,
            0.0,
            190.92,
            370.31,
            85.98,
            17.65,
            955.53,
            59.73,
            681.61,
            588.6,
            1602.0,
            128.62
        ],
        [
            445.0,
            1243.53,
            748.84,
            908.83,
            560.7,
            536.32,
            106.81,
            457.23,
            230.76,
            78.56,
            0.0,
            150.04,
            137.56,
            405.88,
            475.63,
            777.67,
            114.44,
            14.03,
            1018.81,
            1447.37,
            1663.11
        ],
        [
            316.07,
            1316.46,
            1010.95,
            731.01,
            311.69,
            48.19,
            623.67,
            87.58,
            44.43,
            61.18,
            0.0,
            133.56,
            294.42,
            121.05,
            576.93,
            263.48,
            922.56,
            496.64,
            679.49,
            276.12,
            1451.35
        ],
        [
            323.19,
            756.28,
            299.83,
            849.19,
            114.89,
            390.34,
            438.89,
            223.69,
            55.22,
            76.2,
            0.0,
            32.32,
            227.29,
            92.44,
            105.88,
            322.12,
            139.4,
            375.72,
            201.19,
            48.54,
            1012.51
        ],
        [
            734.63,
            166.3,
            166.55,
            104.49,
            543.27,
            276.89,
            252.65,
            346.67,
            75.59,
            7.25,
            0.0,
            29.32,
            104.6,
            293.14,
            162.72,
            379.83,
            404.66,
            823.68,
            620.41,
            1047.6,
            339.76
        ],
        [
            51.83,
            274.26,
            599.65,
            531.29,
            474.4,
            193.19,
            23.46,
            107.96,
            27.08,
            89.88,
            0.0,
            0.45,
            89.94,
            64.29,
            399.14,
            75.41,
            127.02,
            554.98,
            730.14,
            538.99,
            839.43
        ],
        [
            232.78,
            387.08,
            299.17,
            361.73,
            159.49,
            3.84,
            210.16,
            187.66,
            62.72,
            31.99,
            0.0,
            6.04,
            52.26,
            116.56,
            99.03,
            129.16,
            405.65,
            310.83,
            468.94,
            240.61,
            161.36
        ],
        [
            219.46,
            346.6,
            213.97,
            392.59,
            230.49,
            198.77,
            142.12,
            103.62,
            36.05,
            36.62,
            0.0,
            12.86,
            117.88,
            105.89,
            41.29,
            131.76,
            303.9,
            153.11,
            235.85,
            320.26,
            173.81
        ],
        [
            287.65,
            227.44,
            286.65,
            250.95,
            82.62,
            49.45,
            52.76,
            103.25,
            6.27,
            16.32,
            0.0,
            1.39,
            18.29,
            74.06,
            27.66,
            191.76,
            62.07,
            242.1,
            11.18,
            92.5,
            360.79
        ],
        [
            179.78,
            13.8,
            39.34,
            52.71,
            100.15,
            24.26,
            70.04,
            50.53,
            20.26,
            8.99,
            0.0,
            13.57,
            28.01,
            30.79,
            65.35,
            98.98,
            33.91,
            67.37,
            3.75,
            74.73,
            190.35
        ],
        [
            0.0,
            0.0,
            0.0,
            0.0,
            0.0,
            0.0,
            0.0,
            0.0,
            0.0,
            0.0,
            0.0,
            0.0,
            0.0,
            0.0,
            0.0,
            0.0,
            0.0,
            0.0,
            0.0,
            0.0,
            0.0
        ],
        [
            174.67,
            73.18,
            120.19,
            84.79,
            108.07,
            79.21,
            45.12,
            14.89,
            14.34,
            13.41,
            0.0,
            16.29,
            7.52,
            49.01,
            13.79,
            19.29,
            20.63,
            51.23,
            15.56,
            138.43,
            109.68
        ],
        [
            96.4,
            225.03,
            248.57,
            265.1,
            39.17,
            50.32,
            35.73,
            34.79,
            26.7,
            14.83,
            0.0,
            0.48,
            16.81,
            5.7,
            15.0,
            149.56,
            21.84,
            95.29,
            148.86,
            128.99,
            311.43
        ],
        [
            232.18,
            443.8,
            332.89,
            8.0,
            146.06,
            30.14,
            118.91,
            63.41,
            48.25,
            58.66,
            0.0,
            35.49,
            6.81,
            87.05,
            225.73,
            114.87,
            45.79,
            374.89,
            299.0,
            325.0,
            53.89
        ],
        [
            119.12,
            248.87,
            468.22,
            514.04,
            301.71,
            35.63,
            299.96,
            231.08,
            71.54,
            41.53,
            0.0,
            68.4,
            153.37,
            235.67,
            14.35,
            279.5,
            247.61,
            413.45,
            13.96,
            363.33,
            594.09
        ],
        [
            797.32,
            204.71,
            148.31,
            642.71,
            99.66,
            348.68,
            334.42,
            146.44,
            13.61,
            98.94,
            0.0,
            28.59,
            133.62,
            78.72,
            176.75,
            340.02,
            431.81,
            241.81,
            507.55,
            738.77,
            437.7
        ],
        [
            899.85,
            889.41,
            322.52,
            542.35,
            63.24,
            311.54,
            38.64,
            255.69,
            122.43,
            16.44,
            0.0,
