{
    "integration_time": 5.0,
    "x_axis": [
        -0.2,
        -0.13636363636363638,
        -0.07272727272727275,
        -0.009090909090909122,
        0.05454545454545451,
        0.11818181818181811,
        0.18181818181818177,
        0.24545454545454543,
        0.309090909090909,
        0.37272727272727263,
        0.43636363636363623,
        0.5
    ],
    "y_axis": [
        -0.25,
        -0.20625,
        -0.1625,
        -0.11875000000000002,
        -0.07500000000000001,
        -0.03125,
        0.012499999999999956,
        0.05624999999999997,
        0.1
    ],
    "x_step": 0.06,
    "y_step": 0.04,
    "scan_data": [
        [
            21200.0,
            42400.0,
            34200.0,
            19800.0,
            7800.0,
            3200.0,
            6000.0,
            13000.0,
            6800.0
        ],
        [
            53000.0,
            38400.0,
            8800.0,
            7200.0,
            3800.0,
            3200.0,
            2600.0,
            2400.0,
            2200.0
        ],
        [
            52600.0,
            26000.0,
            9200.0,
            4000.0,
            2000.0,
            2400.0,
            3400.0,
            6400.0,
            4200.0
        ],
        [
            26400.0,
            36800.0,
            29600.0,
            22200.0,
            10000.0,
            4200.0,
            5400.0,
            2800.0,
            6400.0
        ],
        [
            30000.0,
            38600.0,
            36800.0,
            42400.0,
            53600.0,
            31200.0,
            18800.0,
            22000.0,
            17600.0
        ],
        [
            46200.0,
            30000.0,
            35200.0,
            40600.0,
            47800.0,
            56600.0,
            30200.0,
            33000.0,
            43400.0
        ],
        [
            25200.0,
            27200.0,
            29400.0,
            37000.0,
            30200.0,
            39200.0,
            54600.0,
            73200.0,
            49400.0
        ],
        [
            21600.0,
            30000.0,
            37000.0,
            26600.0,
            45600.0,
            51800.0,
            49600.0,
            62000.0,
            57200.0
        ],
        [
            87000.0,
            21800.0,
            37400.0,
            45000.0,
            12400.0,
            9800.0,
            8000.0,
            11400.0,
            7000.0
        ],
        [
            54800.0,
            56000.0,
            40800.0,
            16800.0,
            8600.0,
            6400.0,
            7600.0,
            4800.0,
            7200.0
        ],
        [
            32600.0,
            41400.0,
            46800.0,
            25400.0,
            9400.0,
            7800.0,
            13800.0,
            22600.0,
            12600.0
        ],
        [
            58000.0,
            47200.0,
            30000.0,
            50000.0,
            24800.0,
            4000.0,
            4800.0,
            4200.0,
            4200.0
        ]
    ]
}