{
    "integration_time": 5.0,
    "x": [
        -1.0,
        -0.9,
        -0.8,
        -0.7,
        -0.6,
        -0.5,
        -0.3999999999999999,
        -0.29999999999999993,
        -0.19999999999999996,
        -0.09999999999999998,
        0.0,
        0.10000000000000009,
        0.20000000000000018,
        0.30000000000000004,
        0.40000000000000013,
        0.5,
        0.6000000000000001,
        0.7000000000000002,
        0.8,
        0.9000000000000001,
        1.0
    ],
    "y": [
        -1.0,
        -0.9,
        -0.8,
        -0.7,
        -0.6,
        -0.5,
        -0.3999999999999999,
        -0.29999999999999993,
        -0.19999999999999996,
        -0.09999999999999998,
        0.0,
        0.10000000000000009,
        0.20000000000000018,
        0.30000000000000004,
        0.40000000000000013,
        0.5,
        0.6000000000000001,
        0.7000000000000002,
        0.8,
        0.9000000000000001,
        1.0
    ],
    "data": [
        [
            2.3,
            1612.35,
            863.76,
            743.19,
            1150.82,
            134.72,
            196.13,
            451.43,
            285.04,
            158.34,
            0.0,
            106.54,
            376.77,
            582.33,
            301.93,
            981.11,
            100.49,
            1336.66,
            833.93,
            782.09,
            1442.92
        ],
        [
            1580.75,
            472.6,
            1195.07,
            1021.59,
            253.55,
            104.92,
            668.27,
            108.47,
            210.89,
            160.83,
            0.0,
            5.23,
            43.86,
            227.97,
            254.15,
            818.6,
            682.29,
            1136.13,
            414.95,
            916.61,
            320.46
        ],
        [
            1024.43,
            1303.47,
            1166.94,
            1038.39,
            260.9,
            359.32,
            631.17,
            296.92,
            181.99,
            146.1,
            0.0,
            5.34,
            22.02,
            15.38,
            507.19,
            79.11,
            403.41,
            934.65,
            1025.48,
            40.87,
            1421.38
        ],
        [
            300.35,
            772.77,
            765.12,
            886.93,
            392.44,
            354.31,
            201.77,
            371.11,
            21.47,
            77.63,
            0.0,
            81.63,
            252.36,
            405.0,
            247.61,
            117.51,
            215.1,
            220.57,
            127.94,
            910.88,
            1311.69
        ],
        [
            13.58,
            607.04,
            378.85,
            562.94,
            652.41,
            167.11,
            470.1,
            120.86,
            183.57,
            9.38,
            0.0,
            33.27,
            137.32,
            56.09,
            363.06,
            527.48,
            39.41,
            108.62,
            321.54,
            473.83,
            796.48
        ],
        [
            334.58,
            861.5,
            263.14,
            372.36,
            493.55,
            304.67,
            27.3,
            79.8,
            60.85,
            7.21,
            0.0,
            80.86,
            121.76,
            282.45,
            188.64,
            58.61,
            164.13,
            111.58,
            476.51,
            410.36,
            905.49
        ],
        [
            482.26,
            26.53,
            377.1,
            556.02,
            142.25,
            294.03,
            138.66,
            49.12,
            92.28,
            56.32,
            0.0,
            39.44,
            68.77,
            228.25,
            196.71,
            91.42,
            454.23,
            523.61,
            290.78,
            428.68,
            262.84
        ],
        [
            447.05,
            497.39,
            299.81,
            61.79,
            251.41,
            273.03,
            141.19,
            144.18,
            81.04,
            49.31,
            0.0,
            16.08,
            87.5,
            14.13,
            94.37,
            53.78,
            125.65,
            146.84,
            124.38,
            358.69,
            454.46
        ],
        [
            90.12,
            22.52,
            216.59,
            24.67,
            116.0,
            117.65,
            22.62,
            24.05,
            34.51,
            8.46,
            0.0,
            15.77,
            79.1,
            10.26,
            9.95,
            57.75,
            67.38,
            30.59,
            224.04,
            337.51,
            4.35
        ],
        [
            159.52,
            67.04,
            153.71,
            47.59,
            34.37,
            7.48,
            18.17,
            36.82,
            10.3,
            1.75,
            0.0,
            18.55,
            32.31,
            0.06,
            40.06,
            51.11,
            96.39,
            73.71,
            140.77,
            22.19,
            167.16
        ],
        [
            0.0,
            0.0,
            0.0,
            0.0,
            0.0,
            0.0,
            0.0,
            0.0,
            0.0,
            0.0,
            0.0,
            0.0,
            0.0,
            0.0,
            0.0,
            0.0,
            0.0,
            0.0,
            0.0,
            0.0,
            0.0
        ],
        [
            86.5,
            147.22,
            110.84,
            52.38,
            40.75,
            53.3,
            4.09,
            24.08,
            22.89,
            16.18,
            0.0,
            16.51,
            17.55,
            19.17,
            36.05,
            9.71,
            17.57,
            112.26,
            24.18,
            24.91,
            110.68
        ],
        [
            75.03,
            157.73,
            277.1,
            211.08,
            53.37,
            196.52,
            11.02,
            22.81,
            25.77,
            13.23,
            0.0,
            5.21,
            73.11,
            77.6,
            13.0,
            86.05,
            112.08,
            162.74,
            229.88,
            245.24,
            31.07
        ],
        [
            424.66,
            328.53,
            45.43,
            10.7,
            192.59,
            196.05,
            192.12,
            135.1,
            116.35,
            10.86,
            0.0,
            56.77,
            31.6,
            59.0,
            173.05,
            289.56,
            354.21,
            100.36,
            337.1,
            14.47,
            341.83
        ],
        [
            68.08,
            713.79,
            218.26,
            204.94,
            154.16,
            193.01,
            16.6,
            208.62,
            151.2,
            29.64,
            0.0,
            50.9,
            9.89,
            171.51,
            231.39,
            3.73,
            278.29,
            122.9,
            466.73,
            377.73,
            48.76
        ],
        [
            327.29,
            388.57,
            122.26,
            274.82,
            538.21,
            276.93,
            258.48,
            213.68,
            112.8,
            44.8,
            0.0,
            95.33,
            85.28,
            123.64,
            125.84,
            29.86,
            27.65,
            512.46,
            460.66,
            409.58,
            891.33
        ],
        [
            1004.19,
            781.95,
            240.91,
            111.13,
            303.41,
            166.18,
            229.41,
            140.73,
            127.19,
            20.61,
            0.0,
