{
    "integration_time": 5.0,
    "x_axis": [
        -0.2,
        -0.16,
        -0.12000000000000001,
        -0.08000000000000002,
        -0.04000000000000001,
        0.0,
        0.03999999999999998,
        0.08000000000000002,
        0.12,
        0.15999999999999998,
        0.2
    ],
    "y_axis": [
        -0.25,
        -0.20625,
        -0.1625,
        -0.11875000000000002,
        -0.07500000000000001,
        -0.03125,
        0.012499999999999956,
        0.05624999999999997,
        0.1
    ],
    "x_step": 0.04,
    "y_step": 0.04,
    "scan_data": [
        [
            24800.0,
            43600.0,
            36200.0,
            17600.0,
            7000.0,
            4600.0,
            3800.0,
            10000.0,
            8000.0
        ],
        [
            27200.0,
            31800.0,
            20200.0,
            9800.0,
            1800.0,
            3400.0,
            2400.0,
            2800.0,
            2400.0
        ],
        [
            79600.0,
            30800.0,
            10200.0,
            5600.0,
            2800.0,
            3800.0,
            4600.0,
            4400.0,
            3600.0
        ],
        [
            54200.0,
            24000.0,
            6800.0,
            1000.0,
            2600.0,
            4200.0,
            4600.0,
            5800.0,
            4600.0
        ],
        [
            46400.0,
            32800.0,
            24800.0,
            9800.0,
            5200.0,
            3000.0,
            2200.0,
            4200.0,
            2400.0
        ],
        [
            33200.0,
            33000.0,
            30800.0,
            20600.0,
            14400.0,
            7200.0,
            5600.0,
            4800.0,
            6800.0
        ],
        [
            31600.0,
            40800.0,
            33600.0,
            38200.0,
            35600.0,
            18400.0,
            15400.0,
            20000.0,
            21200.0
        ],
        [
            18200.0,
            27800.0,
            54800.0,
            40600.0,
            36400.0,
            43600.0,
            27600.0,
            20400.0,
            20000.0
        ],
        [
            49600.0,
            30600.0,
            33600.0,
            37400.0,
            50400.0,
            48800.0,
            31600.0,
            35800.0,
            46400.0
        ],
        [
            40400.0,
            36000.0,
            44600.0,
            37200.0,
            31200.0,
            27000.0,
            41800.0,
            47600.0,
            33200.0
        ],
        [
            20000.0,
            39400.0,
            39800.0,
            29200.0,
            40000.0,
            53800.0,
            56000.0,
            74000.0,
            66000.0
        ]
    ]
}